Name,Stage,Address,Zip Code
Rock Solid Warrior,Cleaning,"6109 NC-55 #125 Fuquay-Varina, NC USA 27526",27526
The Climb (Bentonville),Cleaning,"16730 House & Hahl Rd, Cypress, TX 77433",77433
The Spot Bouldering Gym (Denver),Cleaning,"1235 Delaware St. Denver, CO USA",
The Spot Bouldering Gym (Golden),Cleaning,"1391 Brickyard Rd. Golden, CO USA",
The Spot Climbing Gym (Louisville),Cleaning,"1754 Dogwood St. Louisville, CO USA",
Dyno Rock,Incorrect Email,"608 E Front St, Arlington, TX 76011",76011
Central Rock (Hadley),Incorrect Email,"165 Russell Street Hadley, MA 01035",01035
Delaware Rock Gym Inc.,Incorrect Email,"520 Carson Dr, Bear, DE 19701",19701
VITAL Climbing Gym (West Harlem),Incorrect Email,"3225 Broadway New York, NY USA",
High Altitude Fitness (3 gyms),Incorrect Email,"880 Northwood Boulevard Incline Village, NV US",
Tennessee Bouldering Authority,Incorrect Email,"427 E Main St, Chattanooga, TN 37408",
Phoenix Rock Gym,Incorrect Email,"1353 E University Dr, Tempe, AZ 85281",
Bouldering Project (Boston),Incorrect Email,"12A Tyler St Somerville, MA USA",
Contact Climbing Gym,Incorrect Email,"2875 E 850 N St. St. George, UT US",
Summit Climbing (fort worth) See PLANO,Umbrella Gyms - Extra boxes,"2828 W Lancaster Ave. Fort Worth, TX US",
Triangle Rock Club (Richmond) Consolidated,Umbrella Gyms - Extra boxes,"4700 Thalbro St, Richmond, VA 23230",
Summit Climbing (Denton) See PLANO,Umbrella Gyms - Extra boxes,"220 W Oak St Denton, TX US",
Summit Climbing (Grapevine) See PLANO,Umbrella Gyms - Extra boxes,"1040 Mustang Dr Grapvine, TX US",
Summit Climbing (Norman) See OKC,Umbrella Gyms - Extra boxes,"2701 Washington Drive Norman, OK 73069",
Summit Climbing (Dallas) see PLANO,Umbrella Gyms - Extra boxes,"9201 Forest Ln, Dallas, TX 75243",
5.life (Climb Nittany) KEYSTONE,Umbrella Gyms - Extra boxes,"328 Discovery Dr. Boalsburg, PA 16827",
"RoKC Climbing, yoga and fitness gym DUPLICATE (3 locations)",Umbrella Gyms - Extra boxes,"1501 Howell Street
North Kansas City, MO 64116",
Inner Peaks (Matthews) KEYSTONE,Umbrella Gyms - Extra boxes,"10715 Independence Pointe Pkwy Matthews, NC USA 28105",
Brooklyn Boulders (Chicago West Loop),Umbrella Gyms - Extra boxes,"100 South Morgan St, Chicago, IL 60607",
Triangle Rock Club (added to all gyms box),Umbrella Gyms - Extra boxes,"102 Pheasant Wood Ct, Morrisville, NC 27560",
Climb So iLL at the Power Plant,Umbrella Gyms - Extra boxes,"1419 Carroll St, St. Louis, MO 63104",
Movement (Golden),Umbrella Gyms - Extra boxes,"700 Golden Ridge Rd Golden, CO USA",
Touchstone (Berkeley Ironworks),Umbrella Gyms - Extra boxes,"800 Potter Street Berkeley, CA US",
MetroRock (Bushwick),Umbrella Gyms - Extra boxes,"321 Starr St. Brooklyn, NY USA 11237",
Denver Bouldering Club (South) See Central,Umbrella Gyms - Extra boxes,"4131 S Natches Ct Unit E Unit E Sheridan, CO USA",
Movement (Timonium),Umbrella Gyms - Extra boxes,"1930 Greenspring Dr. Lutherville-Timonium, MD US",
RockFish Climbing and Fitness,Umbrella Gyms - Extra boxes,"6475 Hwy 93 S, Ste 13 Whitefish, MT US",
The Gravity Vault (Hoboken),Umbrella Gyms - Extra boxes,"1423 Clinton St. Hoboken, NJ US",
The Front Climbing Club (Ogden) See Salt lake,Umbrella Gyms - Extra boxes,"225 20th St, Ogden, UT US",
Movement (Rino) (Denver),Umbrella Gyms - Extra boxes,"3201 Walnut St. Denver, CO USA",
Rock Spot (Lincoln),Umbrella Gyms - Extra boxes,"100 Higginson Ave Lincoln, RI USA",
Riverstone Rock Gym,Umbrella Gyms - Extra boxes,"1625 S Walnut Street Burlington, WA US",
Movement (Hampden),Umbrella Gyms - Extra boxes,"1700 W 41st St #440 Baltimore, MD US",
Crux Climbing Center (South) Duplicate,Umbrella Gyms - Extra boxes,"121 PICKLE RD #100, AUSTIN, TX 78704",
Denver Bouldering Club (North) See Central,Umbrella Gyms - Extra boxes,"698 W 84th Ave. Thornton, CO USA",
Triangle Rock Club (Fayetteville) Consolidated,Umbrella Gyms - Extra boxes,"5213 Raeford Rd #103, Fayetteville, NC 28304",
ASCEND Youngstown KEYSTONE,Umbrella Gyms - Extra boxes,"1221 W Western Reserve Rd Youngstown, OH US",
Adventure Rock (Milwaukee),Umbrella Gyms - Extra boxes,"2220 N Commerce St, Milwaukee, WI 53212",
Red Barn Climbing Gym,Umbrella Gyms - Extra boxes,"Andrews Memorial Dr, Rochester, NY 14623",
5.life (Bloc Garten) KEYSTONE,Umbrella Gyms - Extra boxes,"512 Maier Pl Columbus, OH US",
The Quarry Indoor Climbing Center,Umbrella Gyms - Extra boxes,"2494 N University Pkwy Provo, UT US",
5.life (Chambers Purely Boulders) KEYSTONE,Umbrella Gyms - Extra boxes,"1165 Chambers Rd\ Columbus, OH US",
Movement (Englewood),Umbrella Gyms - Extra boxes,"1050 W Hampden Ave Ste 100, Englewood, CO 80110",
Movement (Rockville),Umbrella Gyms - Extra boxes,"725 Rockville Pike Rockville, MD US",
Movement (Portland),Umbrella Gyms - Extra boxes,"1405 NW 14th Ave. Portland, OR US",
5.life (Vertical Adventures) KEYSTONE,Umbrella Gyms - Extra boxes,"6513 Kingsmill Court Columbus, OH US",
Triangle Rock Club (Raleigh) Consolidated,Umbrella Gyms - Extra boxes,"6022 Duraleigh Rd, Raleigh, NC 27612",
Stoneworks Climbing Gym,Umbrella Gyms - Extra boxes,"6775 SW 111th Ave. Beaverton, OR US",
The Gravity Vault (Upper Saddle River),Umbrella Gyms - Extra boxes,"107 Pleasant Ave. Upper Saddle River, NJ US",
Movement (Columbia),Umbrella Gyms - Extra boxes,"7125 Columbia Gateway Dr #110, Columbia, MD 21046 Columbia, MD US",
Movement (Crystal City),Umbrella Gyms - Extra boxes,"1235 S Clark St, Arlington Arlington, VA US",
Movement (Baker),Umbrella Gyms - Extra boxes,"1155 W 5th Ave, Denver, CO 80204 Denver, CO USA",
Vertical View,Umbrella Gyms - Extra boxes,"1334 E Bird Dog Dr. Meridian, ID US",
Touchstone (Mission Cliffs),Umbrella Gyms - Extra boxes,"2295 Harrison Street San Francisco, CA US",
Touchstone(The Factory),Umbrella Gyms - Extra boxes,"1547 W Struck Ave Orange, CA US",
Rock Spot (Peace Dale),Umbrella Gyms - Extra boxes,"1174 Kingstown Rd Peace Dale, RI USA",
Ubergrippen Indoor Climbing Crag (Denver),Umbrella Gyms - Extra boxes,"3690 Bilberry St. Castle Rock, CO USA",
Adventure Rock WKP,Umbrella Gyms - Extra boxes,"613 S 2nd St
Milwaukee, WI 53204",
The Front Climbing Club (South Main) See salt talk,Umbrella Gyms - Extra boxes,"4140 S Main St. Millcreek, UT US",
Alta Climbing and Fitness (Gilbert) KEYSTONE,Umbrella Gyms - Extra boxes,"3193 S Ranch House Ct, Gilbert, AZ 85297",
Boulders Climbing Gym (East),Umbrella Gyms - Extra boxes,"3964 Commercial Ave Madison, WI US",
Vertical Dreams - Nashua,Umbrella Gyms - Extra boxes,"25 E Otterson St. Nashua, NH USA",
Planet Rock Climbing Gym,Umbrella Gyms - Extra boxes,"1103 W 13 Mile Rd, Madison Heights, MI 48071",
MetroRock (Newburyport),Umbrella Gyms - Extra boxes,"40 Parker St Newburyport, MA USA",
Inner Peaks (South End) KEYSTONE,Umbrella Gyms - Extra boxes,"2220 South Tryon Street Charlotte, NC USA 28203",
Climbmax Climbing (the River),Umbrella Gyms - Extra boxes,"173 Amboy Rd, Asheville, NC 28806 Asheville, NC USA",
Rock Spot (South Boston),Umbrella Gyms - Extra boxes,"30 Old Colony Ave. Boston, MA USA",
Rocks and Ropes(The Bloc),Umbrella Gyms - Extra boxes,"8975 E Tanque Verde Rd #155 Tucson, AZ US",
Bouldering Project (Brooklyn) Renovating,Email Marketing,"575 Degraw St, Brooklyn, NY, 11217",
Energy Rock Gym,Initial Inquiry,"269 Graham Dr, Charleston, WV 25302",
Indoor Ascent,Initial Inquiry,"47 Broadway, Dover, NH 03820",
Climb at Blue Ridge,Initial Inquiry,"301 Bulls Rd Taylors, SC US",
The Cliffs (Callowhill),Initial Inquiry,"1010 Callowhill St, Philadelphia, PA 19123 ",
Central Rock (Glastonbury),Initial Inquiry,"259 Eastern Boulevard Glastonbury, CT 06033",
Stone Age Climbing Gym (2 Gyms),Initial Inquiry,"4130 Cutler Ave NE, Albuquerque, NM 87110 USA",
Summit Climbing (TX 5 locations) Plano Headquarters,Initial Inquiry,"525 Talbert Dr, Plano, TX 75093",
Ciba Climbing,Initial Inquiry,"4066 E Monsanto Dr b, Sierra Vista, AZ 85650",
Treadstone Columbus,Initial Inquiry,"4209 Milgen Rd, Columbus, GA 31907 Columbus, GA US",
Vertical Ventures,Initial Inquiry,"116 18th St S St. Petersburg, FL USA",
Climbmax Climbing (Downtown),Initial Inquiry,"43 Wall St Asheville, NC USA 28801",
Stone Age Rock Gym,Initial Inquiry,"195 Adams St, Manchester, CT 06042",
The Edge Rock Gym (Melbourne),Initial Inquiry,"200 West Dr. Melbourne, FL USA",
Progression Climbing,Initial Inquiry,"1713 Legion Rd Chapel Hill, NC  27517",
Onsight Rock Gym,Initial Inquiry,"5335 Western Ave, Knoxville, TN 37921",
High Point Climbing and Fitness (Birmingham),Initial Inquiry,"4766 US-280, Birmingham, AL 35242",
Rock Gem Climbing Center,Initial Inquiry,"4300 East Blue Lick Road, Louisville, Kentucky 40229",
Climb Kalamazoo,Initial Inquiry,"136 S Kalamazoo Mall, Kalamazoo, MI 49007",
Stone Climbing,Initial Inquiry,"115 Strongway Court
St. Augustine, Florida 32086",
New Orleans Boulder Lounge,Initial Inquiry,"2360 St Claude Ave,. New Orleans, LA US 70117",
Mountain Strong Denver Climbing and CrossFit,Initial Inquiry,"1805 E 58th Ave Unit M, Denver, CO 80216",
Active Climbing (Augusta),Initial Inquiry,"643 S Old Belair Rd, Grovetown, GA 30813",
Bigfoot Climbing Gym,Initial Inquiry,"212 Avery Ave, Morganton, NC 28655",
"RoKC Olathe Climbing, Yoga, and Fitness Gym",Initial Inquiry,"654 N Central St, Olathe, KS 66061",
Coral Cliffs Rock Climbing,Initial Inquiry,"3400 SW 26th Terrace A4 Fort Lauderdale, FL USA",
The Edge Rock Gym (Jacksonville),Initial Inquiry,"3563 Philips Hwy #702 Jacksonville, FL USA",
Zenith Climbing Center,Initial Inquiry,"3534 E Sunshine St #3 Springfield, MO US",
Paradiso Climbing Co-op,Initial Inquiry,"33801 Curtis Blvd. Unit #106 Eastlake, OH 44095 ",
Cornerstone Rock Gym,Initial Inquiry,"6746 Mt Vernon St. Glen St Mary, FL USA",
Minnesota Climbing Cooperative,Initial Inquiry,"1620 Central Ave NE #178 Minneapolis, MN US 55413",
Terra Firma Bouldering Co.,Initial Inquiry,"1555 Marshall Ave SE, Grand Rapids, MI 49507",
Send It Climbing,Initial Inquiry,"7405 Sewells Point Rd, Norfolk, VA 23513",
Gadrock,Initial Inquiry,"1403 Rainbow Dr, Gadsden, AL 35901",
Teton Rock Gym,Initial Inquiry,"60 S Main St #350 Driggs, ID US",
Climb Time Indy,Initial Inquiry,"8750 Corporation Dr. Indianapolis, IN US 46256",
The Cliffs (Valhalla),Initial Inquiry,"1 Commerce St. Valhalla, NY USA",
Albany's Indoor Rockgym,Initial Inquiry,"4c, Vatrano Rd Albany, NY USA, 12205",
Hoosier Heights Indianapolis,Initial Inquiry,"9850 Mayflower Park Dr. Carmel, IN US 46032",
Insight Climbing & Movement (Bainbridge),Initial Inquiry,"9437 Coppertop Loop NE Bainbridge Island, WA 98110 US",
Rocksport Indoor Climbing Gym and Outdoor Guide Service,Initial Inquiry,"54 Carey Rd. Queensbury, NY USA",
BC's New Paltz Climbing Gym,Initial Inquiry,"234 Main St. New Paltz, NY USA 12561",
RocVentures Climbing Gym,Initial Inquiry,"1044 University Ave, Rochester, NY 14607",
Hoosier Heights Bloomington,Initial Inquiry,"1008 S Rogers St, Bloomington, IN 47403",
Island Rock,Initial Inquiry,"60 Skyline Dr. Plainview, NY USA",
University of Alabama Outdoor Recreation,Initial Inquiry,"Outdoor Recreation Rental Center, 400 Peter Bryce Blvd #206, Tuscaloosa, AL 35401",
Mesa Rim (Reno),Initial Inquiry,"970 Harvard Way Reno, NV US",
VITAL Climbing Gym (Upper East),Initial Inquiry,"1506 Lexington Ave. New York, NY USA",
Asana Climbing Gym,Initial Inquiry,"4977 N Glenwood St. Garden City, ID US",
Table Rock Bouldering,Initial Inquiry,"6 Market St b9, Oneonta, NY 13820",
Brooklyn Boulders (Queensbridge),Initial Inquiry,"23-10 41st Ave, Long Island City, NY 11101",
The Pad Henderson,Initial Inquiry,"7585 Commercial Way Las Vegas, NV US",
Gripstone Climbing & Cafe Opens Tuesday,Initial Inquiry,"319 N Lee Blvd, Prescott, AZ 86301",
D.C. Bouldering Project,Initial Inquiry,"1611 Eckington Pl NE #150, Washington, DC 20002",
Climb NuLu (Hoosier Heights Louisville),Initial Inquiry,"1000 E Market St. Louisville, KY US",
Mesa Rim (Austin) Opens tuesday,Initial Inquiry,"1205 Sheldon Cove Building 3, Austin, TX 78753",
Sunrise Bouldering,Initial Inquiry,"2 School St, Geneseo, NY 14454",
The Edge Climbing & Fitness,Initial Inquiry,"2844 14th N. Ammon, ID US",
The Rock Club,Initial Inquiry,"130 Rhodes Street New Rochelle, NY USA",
The Gravity Vault (Chatham),Initial Inquiry,"40 Watchung Ave. Chatham, NJ US",
Summit Everett,Initial Inquiry,"2820 Rucker Avenue Everett, WA 98201 US",
InSPIRE Rock Climbing Gym,Initial Inquiry,"403 E. Louetta Rd.
Spring, TX 77373",
Portland Rock Gym,Initial Inquiry,"21 NE 12th Ave. Portland, OR US",
Boulder Rock Club,Initial Inquiry,"2829 Mapleton Ave. Boulder, CO USA",
Edgeworks (Seattle),Initial Inquiry,"2839 NW Market Street, Seattle, WA 98107",
Edgeworks Climbing (Bellevue),Initial Inquiry,"15600 NE 8th St C-1 Bellevue, WA 98808 US",
Mosaic Boulders,Initial Inquiry,"2369 Telegraph Ave, Berkeley, CA 94702",
Insight Climbing & Movement (Bremerton),Initial Inquiry,"2315 Burwell St, Bremerton, WA 98312",
OSO Climbing Gyms,Initial Inquiry,"1330 Conant St. Dallas, TX US",
Tufas Boulder Lounge,Initial Inquiry,"1614 N 5th St, Philadelphia, PA 19122 Philadelphia, PA US",
Doylestown Rock Gym,Initial Inquiry,"3853 Old Easton Rd Doylestown, PA US",
Flagstaff Climbing,Initial Inquiry,"205 S San Francisco St, Flagstaff, AZ 86001",
Beta Bouldering Gym,Initial Inquiry,"495 S River Run Rd #104, Flagstaff, AZ 86001",
AZ on the Rocks,Initial Inquiry,"16447 N 91st St #105, Scottsdale, AZ 85260",
Vertex Climbing Center,Initial Inquiry,"3358 Coffey Ln, Santa Rosa, CA 95403",
Shasta Rock Club,Initial Inquiry,"2325 Athens Ave, Redding, CA 96001",
Santa Barbara Rock Gym,Initial Inquiry,"322 State St, Santa Barbara, CA 93101",
Boulderdash,Initial Inquiry,"880 Hampshire Rd A, Westlake Village, CA 91361",
Wall Crawler Rock Club,Initial Inquiry,"1522 DeKalb Ave NE, Atlanta, GA 30307",
Santa Fe Climbing Center,Initial Inquiry,"3008 Cielo Ct, Santa Fe, NM 87507",
Springs Climbing Center,Initial Inquiry,"4642 Northpark Dr, Colorado Springs, CO 80918",
Memphis Rox,Initial Inquiry,"879 E McLemore Ave, Memphis, TN 38106",
"Upper Limits Indoor Rock Climbing Gym (Downtown, St Louis)",Initial Inquiry,"326 S 21st St, St. Louis, MO 63103",
Sequence climbing,Initial Inquiry,"1710 Washington St, Kansas City, MO 64108",
IBEX Climbing Gym,Initial Inquiry,"801 NW S Outer Rd, Blue Springs, MO 64015",
Adrenaline Climbing,Initial Inquiry,"460 Brogdon Rd STE 100, Suwanee, GA 30024",
North Country Climbing Center,Manufacturing Send Sample,"2572 US-302, Lisbon, NH 03585",
Wilmington Rock Gym,Manufacturing Send Sample,"8118 Market St. Wilmington, NC USA 28411",
Blue Swan Boulders,Manufacturing Send Sample,"Blue Swan Boulders

400 Pittman St. Suite #103

Orlando, FL 32801",
Inner Peaks Climbing (2 Gyms),Sample Sent,"10715 Independence Pointe Pkwy, Matthews, NC 28105",
Central Rock (Warwick),Sample Sent,"275 W Natick Rd, Warwick, RI 02886",
Black Hills Basecamp,Sample Sent,"2026 Samco Rd Suite #101, Rapid City, SD 57702",
The Rock Boxx Climbing Gym,Sample Sent,"3895 Cascadia Canyon Ave SE, Salem, OR 97302",
Blue Granite Climbing Gym,Sample Sent,"1259 Emerald Bay Rd, South Lake Tahoe, CA 96150",
Rogue Rock Gym,Sample Sent,"3001 Samike Dr, Medford, OR 97501",
Turner Hall Climbing Gym,Sample Sent,"1034 Vel R. Phillips Ave, Milwaukee, WI 53203",
Central Rock (Cambridge),Sample Sent,"127 Smith Place Cambridge, MA 02138",
Bouldering Project (Salt Lake),Sample Sent,"660 S 400 W Suite 600, Salt Lake City, UT 84101",
Urban Krag Climbing Center,Sample Sent,"125 Clay Street, Dayton, OH 45402",
Climbing New Heights,Sample Sent,"54 General Motors Access Rd, Martinsburg, WV 25403",
The Gravity Vault (Flemington),Sample Sent,"17A Minneakoning Rd, Flemington, NJ 08822",
Iron City Boulders,Sample Sent,"143 51st St. Pittsburgh, PA 15201",
Boulders Climbing Gym (Downtown),Sample Sent,"129 S Carroll St, Madison, WI 53703",
Refuge Climbing and Fitness,Sample Sent,"6283 S. Valley View Boulevard Suite C Las Vega, NV US",
Climbnasium,Sample Sent,"339 N Locust Point Rd, Mechanicsburg, PA 17050",
Garden State Rocks,Sample Sent,"705 Ginesi Dr, Morganville, NJ 07751",
Space City Rock Climbing,Sample Sent,"201 Hobbs Rd, League City, TX 77573",
Boulders Sport Climbing Center,Sample Sent,"325 Indian Trail, Harker Heights, TX 76548",
Reach Climbing + Fitness,Sample Sent,"401 E 4th St building 22, Bridgeport, PA, 19405",
Upper Limits Indoor Rock Climbing Gym (Chesterfield),Sample Sent,"17375 Edison Ave, Chesterfield, MO 63005 US",
Southern Stone Indoor Climbing,Sample Sent,"109 Grand Avenue Lafayette, LA US 70503",
Little Rock Climbing Center,Sample Sent,"12120 Colonel Glenn Rd #7000 Little Rock, AR US 72210",
Rocksport (Kentucky),Sample Sent,"10901 Plantside Dr, Louisville, KY 40299",
Green Mountain Rock Climbing Center,Sample Sent,"223 Woodstock Ave, Rutland, VT 05701",
Higher Ground Rock Climbing Centre,Sample Sent,"851 Bond Ave NW, Grand Rapids, MI 49503",
Carabiner's Climbing & Fitness,Sample Sent,"328 Parker St, New Bedford, MA 02740",
Downingtown Rock Gym (Two gyms),Sample Sent,"3853 Old Easton Rd, Doylestown, PA 18902",
Macon Rocks Climbing Gym,Sample Sent,"527 D T Walton Sr Way, Macon, GA 31201 Macon, GA US",
The Climbing Place,Sample Sent,"436 W. Russell St.
Fayetteville, NC 28301",
The Knot - Climbing Gym,Sample Sent,"704 S Main St, Gainesville, FL 32601",
Active Climbing (Athens and Grovetown),Sample Sent,"665 Barber St, Athens, GA 30601",
UpTown Climbing,Sample Sent,"10505 Coursey Blvd, Baton Rouge, LA 70816, USA",
Randolph Climbing Center,Sample Sent,"3 Middlebury Blvd, Randolph, NJ 07869",
High Point Climbing and Fitness (Huntsville),Sample Sent,"1020 Nunnahsae, N Park Dr NW, Huntsville, AL 35806",
"Elite Climbing, LLC",Sample Sent,"67 Old Kings Hwy, Maple Shade, NJ 08052",
Scrapyard Climbing Collective,Sample Sent,"76 S River Ave, Holland, MI 49423",
Stone Summit Climbing (Midtown),Sample Sent,"715 Peachtree St NE
Atlanta, GA 30308",
DYNO Detroit Climbing,Sample Sent,"3500 Orleans St, Detroit, MI 48207",
Climb Time (Three Gyms),Sample Sent,"4460 Orkney Ave, Cincinnati, OH 45209",
North Peak Climbing & Fitness,Sample Sent,"1901 Silverada Blvd, suite 10, Reno, NV US",
City Climb Gym,Sample Sent,"91 Shelton AveNew Haven, CT 06511",
Cliff Hangers,Sample Sent,"326 Oates Rd. Mooresville, NC USA 28117",
Central Rock (Buffalo),Sample Sent,"55 Chicago St Buffalo, NY 14204",
BETA Climbing + Fitness,Sample Sent,"45 Harbor Dr, Stamford, CT 06902",
Columbus Rock Gym,Sample Sent,"2483 Shadow Bend Dr, Columbus, IN 47201",
Center 45 - Climbing and Fitness,Sample Sent,"200 Den Mac Dr, Boone, NC 28607",
projectROCK,Sample Sent,"3580 N Andrews Ave, Oakland Park, FL 33309",
Denver Bouldering Club (Central - 3 gyms),Sample Sent,"2485 W. 2nd Ave, #18/20 Denver, CO 80223",
ROCK'n & JAM'n (Thornton),Sample Sent,"9499 Washington St c, Thornton, CO 80229",
Lindseth Climbing Center,Sample Sent,"Cornell Outdoor Education

554 Campus Rd. Ithaca, NY, 14853",
VITAL Climbing Gym (Brooklyn),Sample Sent,"221 N 14th St. Brooklyn, NY 11249",
Crux Climbing Center (2 gyms),Sample Sent,"6015 Dillard Cir #B, Austin, TX 78752 Austin, TX US",
Bouldering Project (Minneapolis),Sample Sent,"1433 West River Rd N, Minneapolis, MN 55411",
Rise Up Climbing,Sample Sent,"1225 Church St, Lynchburg, VA 24504",
The Circuit Bouldering Gym (4 gyms),Sample Sent,"410 NE 17th Ave, Portland, OR 97232",
Climb Cincy (Hoosier Heights Cincinnati),Sample Sent,"1708 Blue Rock St, Cincinnati, OH 45223",
Vertical Horizons Climbing Gym,Sample Sent,"3625 S 91st St. Fort Smith, AR US 72903",
MetroRock (3 gyms),Sample Sent,"69 Norman St #9, Everett, MA 02149",
Longmont climbing collective (3 gyms),Sample Sent,"1503 Taurus Ct. Loveland, CO USA",
Gold Crush Climbing Gym,Sample Sent,"124 Clydesdale Ct, Suite D, Grass Valley, CA 95945",
Rockreation Sport Climbing Center,Sample Sent,"1300 Logan Ave, Costa Mesa, CA 92626",
Rocknasium,Sample Sent,"720 Olive Drive, Suite S
Davis, CA 95616",
Granite Arch Climbing Center,Sample Sent,"11335-G, Folsom Blvd, Rancho Cordova, CA 95742",
Overlook Climbing,Sample Sent,"1030 White St SW, Atlanta, GA 30310",
Central Rock (Stoneham),Negotiating ,"10 Adam Rd. Stoneham, MA 02180",
Shaker Rocks,Negotiating ,"3377 Warrensville Center Rd, Shaker Heights, OH 44122",
Texas Rock Gym,Negotiating ,"1526 Campbell Rd, Houston, TX 77055",
Rock Quest,Negotiating ,"3475 E Kemper Rd, Cincinnati, OH 45241",
The Gravity Vault (Brick),Negotiating ,"110 Brick Plaza Suite 41, Brick Township, NJ 08723",
CLIMB Woodlands Indoor Rock Climbing & Bouldering,Negotiating ,"7515 Oak Bluff Dr # C, Magnolia, TX 77354",
Brimstone Boulders,Negotiating ,"616 State St. suite 201, Hood River, OR 97031",
Sportrock Climbing Center (3 gyms),Negotiating ,"5308 Eisenhower Ave, Alexandria, VA 22304",
On The Rocks Climbing Gym,Negotiating ,"8701 Leavitt Rd. Elyria, OH. 44035",
Latitude Climbing and Fitness,Negotiating ,"4554 Virginia Beach Blvd #970, Virginia Beach, VA 23462",
Climb At Rio,Negotiating ,"8218 Casa Verde Rd, Laredo, TX 78041",
Climb Lawrence,Negotiating ,"714 Vermont St, Lawrence, KS 66044",
Climb So iLL at the Steel Shop,Negotiating ,"650 N Main Center Suite 105, St Charles, MO 63301",
Vertical Endeavors (All Gyms),Negotiating ,"845 Phalen BlvdSt Paul, MN 55106",
Cave Climbing Co,Negotiating ,"113 Executive Center Blvd, El Paso, TX 79902",
Whetstone Climbing,Negotiating ,"220 Smokey St, Fort Collins, CO 80525",
Seattle Bouldering Project (Fremont and Upper Walls ),Negotiating ,"3535 Interlake Ave N, Seattle, WA 98103",
Milton Rock Gym,Negotiating ,"45 S Front St, Milton, PA 17847",
The Cliffs (Gowanus),Negotiating ,"242 Butler St., Brooklyn, NY 11217",
Central Rock (Manhattan),Negotiating ,"21 West End Ave. New York, NY 10069",
Touchstone Climbing (WAREHOUSE),Negotiating ,"822 Anthony St. Berkeley, CA 94710",
Climb Asylum,Negotiating ,"2285A Harrison Ave. San Diego, 92113",
Rock Shop,Negotiating ,"1965 Fowler St, Richland, WA 99352",
Niagara Climbing Center,Negotiating ,"1333 Strad Ave North Tonawanda, NY USA 14120",
The Ultimate Climbing Gym,Negotiating ,"6904 Downwind Road REAR entrance Greensboro, NC USA 27409",
Freestone Climbing Center,Negotiating ,"1200 Shakespeare St. Missoula, MT 59802 US",
EPIC Climbing and Fitness,Negotiating ,"1931 Stout Field W Dr. Indianapolis, IN US 46241",
Rock Out Climbing Gym,Negotiating ,"2001  98 Palms Blvd - Ste 105
Destin, FL 32541",
New Jersey Rock Gym,Negotiating ,"373D Route 46W
Fairfield, NJ 07004",
Bridges Rock Gym,Negotiating ,"5635 San Diego St, El Cerrito, CA 94530",
Grotto Climbing & Yoga,Negotiating ,"4460 Alvarado Canyon Road, San Diego, CA 92120",
Long beach rising,Draft Order Sent,"205 E Anaheim St, Long Beach, CA 90813",
Climb Lafayette,Draft Order Sent,"4650 Dale Dr Lafayette, IN 47905",
The Gravity Vault (Voorhees),Sold  - Manufacturing Send Order,"333 Preston Ave, 
suite #2,
Voorhees Township, NJ 08043",
Cirque Climbing Gym ,Invoice Sent - Closed,"8276 28th CT NE, LACEY, WA 98516",
Half Moon Bouldering,Invoice Sent - Closed,"124 N 85th St Seattle, WA 98103 US",
Elevation Rock Gym,Invoice Sent - Closed,"1780 N 200 E, North Logan, UT 84341",
"Rock Mill Climbing, Yoga & Fitness",Invoice Sent - Closed,"677 Carroll St, Akron, OH 44304",
Risen Rock Climbing Gym,Invoice Sent - Closed,"1060 Chinaberry Dr. Bossier City, LA US 71111",
Triangle Rock Club (5 gyms),Invoice Sent - Closed,"1010 Martin Luther King Jr Pkwy Suite 400, Durham, NC 27713",
The Edge Halfmoon,Invoice Sent - Closed,"1544 US-9, Clifton Park, NY 12065",
The Boulder Yard,Invoice Sent - Closed,"5714 Industry Ln unit e Frederick, MD US",
Top Out Climbing,Invoice Sent - Closed,"26332 Ferry Court, Santa Clarita, California, 91350",
Flowstone Climbing,Invoice Sent - Closed,"1411 W State St, Redlands, CA 92373",
Mesa Rim (Mission Valley),Invoice Sent - Closed,"405 Camino del Rio South
San Diego California 92116",
InSPIRE Rock Climbing Gym (Cypress),Invoice Sent - Closed,"16730 House & Hahl Rd Cypress, TX US",
Mesa Rim (North City),Invoice Sent - Closed,"285 Industrial St, San Marcos, CA 92078, USA",
Aiguille Rock Climbing Center,Invoice Sent - Closed,"830 S Ronald Reagan Blvd #252, Longwood, FL 32750",
Crux Climbing,Invoice Sent - Closed,"1790 Harper Rd, Northport, AL 35476",
Boulders and Brews,Invoice Sent - Closed,"612 W Dickson St, Fayetteville, AR 72701",
Central Rock (Syracuse),Invoice Sent - Closed,"600 N Franklin St. Syracuse, NY 13204",
Central Rock (Framingham),Invoice Sent - Closed,"1451 Concord St, Framingham, MA 01701",
Rock Solid Climbing,Invoice Sent - Closed,"3949 W Costco Dr Suite 151, Tucson, AZ 85741",
Vertical World (3 GYMS),Invoice Sent - Closed,"6520 212th St. SW, Suite 204
Lynnwood, WA 98036",
High-Steppe Climbing Center,Invoice Sent - Closed,"1015 E Lincoln Ave. Yakima, WA 98901 US",
Riverfront Rock Gym,Invoice Sent - Closed,"1319 Walla Walla Ave, Wenatchee, WA 98801",
Vertical Rock Climbing & Fitness Center (2 gyms),Invoice Sent - Closed,"8461D Leesburg Pike, Tysons, VA 22182",
Bloc Haven,Invoice Sent - Closed,"701 Easley Bridge Rd Unit 6020, Greenville, SC 29611 ",
Cayuga Climbs,Invoice Sent - Closed,"53 Hall Rd Suite A Ithaca, NY USA 14850",
Method Climbing,Invoice Sent - Closed,"16 Lombardy St, Newark, NJ 07102",
GP81,Invoice Sent - Closed,"81 Quay St. Brooklyn, NY USA 11222",
Kinetic Climbing,Invoice Sent - Closed,"1155 S Black Horse Pike, Williamstown, NJ 08094",
The Rock Gym - Rexburg,Invoice Sent - Closed,"871 Jet Stream Dr. Rexburg, ID US",
318 Climb,Invoice Sent - Closed,"9924 Beaver Creek Dr., Shreveport, LA 71106",
Gemstone Climbing Center,Invoice Sent - Closed,"135 5th Ave S. Twin Falls, ID 83301, USA",
Roca Climbing & Fitness SP1356,Invoice Sent - Closed,"6071 Rome Cir NW, Rochester, MN 55901",
Mesa Rim (Mira Mesa),Invoice Sent - Closed,"10110 Mesa Rim Road San Diego, CA US",
Ascent Studio Climbing & Fitness,Invoice Sent - Closed,"2150 Joseph Allen Dr, Fort Collins, CO 80525",
Black Rock Bouldering Gym,Invoice Sent - Closed,"10436 N 32nd St, Phoenix, AZ 85028",
Bend Rock Gym,Invoice Sent - Closed,"1182 SE Centennial Ct. Bend, OR US",
The Climbing Center (River Sports),Unresponsive - Email Remarketing ,"2918 Sutherland Ave, Knoxville, TN 37919",
The Gravity Vault (Radnor),Unresponsive - Email Remarketing ,"175 King of Prussia Rd, Radnor, PA 19087",
The Cliffs (LIC),Unresponsive - Email Remarketing ,"11-11 44th Dr, Queens, NY 11101",
Multnomah Athletic Club,Unresponsive - Email Remarketing ,"1849 SW Salmon St, Portland, OR 97205",
The Gravity Vault (Middletown),Unresponsive - Email Remarketing ,"37 Kanes Ln. Middletown Township, NJ US",
Central Rock (Waltham),Unresponsive - Email Remarketing ,"411 Waverley Oaks Rd. Waltham, MA 02452",
Crimper's Climbing Gym,Unresponsive - Email Remarketing ,"100 Central Ave, Christiansburg, VA 24073",
North Mass Boulder,Unresponsive - Email Remarketing ,"1411 Roosevelt Ave. Indianapolis, IN US 46201",
Central Rock (Watertown),Unresponsive - Email Remarketing ,"74 Acton Street Watertown, MA 02472",
The Cliffs (Dumbo),Unresponsive - Email Remarketing ,"99 Plymouth St., Brooklyn, NY 11201",
Bloc Yard Bouldering Gym,Unresponsive - Email Remarketing ,"233 E Lyons Ave Spokane, WA US",
Evo Rock & Fitness Portland,Unresponsive - Email Remarketing ,"65 Warren Ave, Portland, ME 04103",
Brevard Rock Gym,Unresponsive - Email Remarketing ,"240 S Broad St UNIT B, Brevard, NC 28712",
MetroRock (Littleton),Unresponsive - Email Remarketing ,"1200 Constitution Ave. Littleton, MA  01460 USA",
Upper Limits Indoor Rock Climbing Gym (Maryland Heights),Unresponsive - Email Remarketing ,"1874 Lackland Hill Pkwy, St. Louis, MO 63146",
The Commons Climbing Gym,Unresponsive - Email Remarketing ,"4795 W Emerald St, Boise, ID 83706",
Steepworld Climbing & Fitness,Unresponsive - Email Remarketing ,"1230 S 31st St W Billings, MT 59102 US",
"ROKC Climbing, Yoga, and Fitness Gym (3 gyms)",Lost - Not Interested,"1501 Howell St. North Kansas City, MO US",
The Cliffs (Harlem),Lost - Not Interested,"256 W 125th St, New York, NY 10027",
Vertical Dreams - Manchester,Lost - Not Interested,"250 Commercial St, Manchester, NH 03101",
Mosaic Climbing,Lost - Not Interested,"9501 Union Cemetery Rd, Loveland, OH 45140",
High Point Climbing and Fitness (Cleveland),Lost - Not Interested,"2499 Keith St NW, Cleveland, TN 37311",
Central Rock (Rochester),Lost - Not Interested,"725 Averill Ave Rochester, NY 14607",
Climberz,Lost - Not Interested,"1207 N Carla Ave, Tea, SD 57064",
Central Rock (Worcester),Lost - Not Interested,"299 Barber Avenue Worcester, MA 01606",
Kendall Cliffs Climbing Gym,Lost - Not Interested,"60 Kendall Park Rd suite b, Peninsula, OH 44264",
Wild Walls Climbing Gym,Lost - Not Interested,"202 W 2nd Ave, Spokane, WA 99201, USA",
Nosotros Rock Climbing Gym,Lost - Not Interested,"14321 Detroit Ave Lakewood, OH US",
Canyons Climbing Gym,Lost - Not Interested,"7164 Technology Drive, Frisco, Texas 75033, USA",
The Climbing Wall (CLOSED),Lost - Not Interested,"7501 Penn Ave #6 Pittsburgh, PA US",
Central Rock (Boston),Lost - Not Interested,"99 Beverly St. Boston, MA 02114",
Coastal Climbing,Lost - Not Interested,"708 King St. Charleston, SC 29403",
Central Rock (Randolph),Lost - Not Interested,"445 High Street Randolph, MA 02368",
The District Bouldering,Lost - Not Interested,"2424 Broadway San Antonio, TX US",
Planet Rock,Lost - Not Interested,"82 Aprill Dr C, Ann Arbor, MI 48103",
Philadelphia Rock Gym (Wyncote) See east falls,Lost - Not Interested,"827 Glenside Avenue #200 Wyncote, Pennsylvania, PA US",
Escalade Rock Climbing (PTC),Lost - Not Interested,"125 Depot Ct, Peachtree City, GA 30269",
Escalade Rock Climbing Gym (Kennesaw),Lost - Not Interested,"3694 Kennesaw S Industrial Dr NW, Kennesaw, GA 30144",
Weatherford's,Lost - Not Interested,"3009 E Cervantes St. Pensacola, FL USA",
North Summit Climbing Gym,Lost - Not Interested,"481 Bushkill Plaza Ln #9665 Wind Gap, PA US",
Longmont Climbing Collective,Lost - Not Interested,"33 S Pratt Pkwy Longmont, CO USA",
FirstHand Climbing,Lost - Not Interested,"1024 N Chestnut St. Winston-Salem, NC USA 27101",
High Point Climbing and Fitness (3 Chattanooga gyms),Lost - Not Interested,"219 Broad St, Chattanooga, TN 37402",
Philadelphia Rock Gyms (Fishtown) See east falls,Lost - Not Interested,"2412 E York St. Philadelphia, PA US",
Philadelphia Rock Gym (Oaks) See east falls,Lost - Not Interested,"122 Mill Road, 520 E-520 E, Oaks, PA 19456 Oaks, PA US",
Philadelphia Rock Gyms (Malvern) See east falls,Lost - Not Interested,"57 Lancaster Ave, Malvern, PA 19355 Malvern, PA US",
The Front Climbing Club (Salt Lake City - 3 locations),Lost - Not Interested,"1470 400 W, Salt Lake City, UT 84115",
Jeremy Garber - Disc Golf,Lost - Not Interested,"3929 E. Hooppole Ridge Road 
Mcconnelsville, OH. 43756.",
Adventure Rock (3 gyms),Lost - Not Interested,"21250 W Capitol Dr, Brookfield, WI 53072",
Summit Strength & Fitness,Lost - Not Interested,"3118 Kingsley Way, Madison, WI 53713",
Momentum (Lehi),Lost - Not Interested,"401 S 850 E Lehi, UT US",
Peak Experiences (Two Gyms),Lost - Not Interested,"1375 Overbrook Rd. Richmond, VA US",
State Climb,Lost - Not Interested,"115 E Locust St, Culpeper, VA 22701",
Source Climbing Center,Lost - Not Interested,"1118 Main St. Vancouver, WA 98660 US",
Uplift Climbing,Lost - Not Interested,"17229 15th Ave NE Shoreline, WA 98155 US",
Frontier Climbing and Fitness,Lost - Not Interested,"5045 Grant St, Sioux Falls, SD 57110",
Climb Tacoma,Lost - Not Interested,"102 S 24th St. Tacoma, WA US 98402

",
Armadillo Boulders (2 gyms),Lost - Not Interested,"1119 Camden St. San Antonio,, TX US",
Cirque Climbing,Lost - Not Interested,"8276 28th Ct NE. Lacey, WA US",
Rocky Top Climbing,Lost - Not Interested,"1729 Allied St, Charlottesville, VA 22903",
Edgeworks Climbing,Lost - Not Interested,"6102 North 9th Street, Suite 200 Tacoma, WA US",
The Climb (2 Gyms-Nashvillewest/NashvilleEast),Lost - Not Interested,"1900 Eastland Ave #104, Nashville, TN 37206",
Bouldering Project (Austin 2 gyms Springdale Westgate),Lost - Not Interested,"979 Springdale Road #300 Austin, TX US",
Bouldering Project (Seattle Poplar),Lost - Not Interested,"900 Poplar Pl S. Seattle, WA 98144 US",
Momentum Climbing (Houston),Lost - Not Interested,"25410 Katy Mills Pkwy Katy, TX US",
"Gritstone Climbing + Fitness, LLC",Lost - Not Interested,"1901 Eljadid St Suite 101, Morgantown, WV 26505",
Momentum Indoor climbing (2 gyms UT),Lost - Not Interested,"3173 E 3300 S Salt Lake City, UT US",
Momentum Indoor Climbing (SODO),Lost - Not Interested,"2759 1st Ave S. Seattle, WA 98134 US",
The Climb (Murfreesboro),Lost - Not Interested,"1660 Memorial Blvd. Murfreesboro, TN US",
The Goat Fort - Indoor Climbing,Lost - Not Interested,"20 Clark St Suite C Warren, PA 16365",
Elevation Bouldering Gym,Lost - Not Interested,"348 Lincoln St. Eugene, OR US",
Gravity Vault Indoor Rock Gyms,Lost - Not Interested,"6 Neptune Rd, Poughkeepsie, NY 12601",
The Gravity Vault (Montclair),Lost - Not Interested,"8 Seymour St. Montclair, NJ US",
The Gravity Vault (melville),Lost - Not Interested,"40 Melville Park Rd. Melville, NY USA",
Chakstone Climbing,Lost - Not Interested,"102 S Main St. Wilkes-Barre,, PA US",
Philadelphia Rock Gym (5 Locations - East Falls),Lost - Not Interested,"B, 3500 Scotts Ln #3 Philadelphia, PA US",
Vertical eXcape - Bowling Green,Lost - Not Interested,"121 Flex Park Ln Suite #2 Bowling Green, KY US 42101",
Stonetree Climbing Center,Lost - Not Interested,"1222 Bozeman Ave. Helena, MT US",
Spire Climbing Center,Lost - Not Interested,"13 Enterprise Boulevard Bozeman, MT US",
Rock Spot (6 Gyms),Lost - Not Interested,"67 Sprague St, Boston Boston, MA USA",
The Hi-Line Climbing Center,Lost - Not Interested,"608 1st Ave S. Great Falls, MT 59401 US",
LEF Climbing,Lost - Not Interested,"916 N Broadway Lexington, KY US 40505",
ELEV8 Climbing and Fitness,Lost - Not Interested,"777 Boyd Ave, Traverse City, MI 49686",
DynoClimb,Lost - Not Interested,"528 S Woodland Blvd, DeLand, FL 32720",
Alchemy Climbing,Lost - Not Interested,"2810 Sharer Rd, Tallahassee, FL 32312",
Pacific Edge Climbing Gym,Lost - Not Interested,"104 Bronson St #12, Santa Cruz, CA 95062",
far north climbing gym,Lost - Not Interested,"1065 K St C Arcata, CA US",
Gripstone Climbing & Fitness,Lost - Not Interested,"6220 Tutt Blvd. Colorado Springs, CO USA",
Rock Climb Fairfield,Lost - Not Interested,"85 Mill Plain Rd building t, Fairfield, CT 06824",
Rocks and Ropes (All gyms),Lost - Not Interested,"330 S. Toole Avenue #400 Tucson, AZ US",
Eagle Climbing + Fitness,Lost - Not Interested,"700 Chambers Ave. Unit A7 Eagle, Colorado 81631",
Rockzilla,Lost - Not Interested,"849 Jackson Street #5A Napa, CA US",
Daytona Climbing Company,Lost - Not Interested,"3100 S Ridgewood Ave. South Daytona, FL USA",
Beaches Rock Gym,Lost - Not Interested,"14 W 3rd St. Atlantic Beach, FL USA",
"High Point Climbing and Fitness (Downtown, Chattanooga)",Lost - Not Interested,"219 Broad St, Chattanooga, TN 37402",